match_id,team_name,opponent,team_type,team_score,opponent_score,goal_difference,win,draw,loss,total_windows,momentum_wins,change_wins,relative_wins,momentum_superiority,change_superiority,relative_superiority,momentum_superiority_vs_team_score_correlation,momentum_superiority_vs_team_score_p_value,momentum_superiority_vs_goal_difference_correlation,momentum_superiority_vs_goal_difference_p_value,momentum_superiority_vs_win_correlation,momentum_superiority_vs_win_p_value,change_superiority_vs_team_score_correlation,change_superiority_vs_team_score_p_value,change_superiority_vs_goal_difference_correlation,change_superiority_vs_goal_difference_p_value,change_superiority_vs_win_correlation,change_superiority_vs_win_p_value,relative_superiority_vs_team_score_correlation,relative_superiority_vs_team_score_p_value,relative_superiority_vs_goal_difference_correlation,relative_superiority_vs_goal_difference_p_value,relative_superiority_vs_win_correlation,relative_superiority_vs_win_p_value
3930158,Germany,Scotland,home,5,1,4,1,0,0,89,82,44,44,0.9213483146067416,0.4943820224719101,0.4943820224719101,0.052118529374574424,0.6028978132087027,0.07029947154617351,0.4826112572372605,0.06287131689367854,0.5301579172118817,-0.07348478230239922,0.46294487670433704,-0.09911909304686624,0.3216076634744421,-0.08971141459164017,0.36988749359555434,-0.00773957511079837,0.9384615271052718,-0.010439435778601801,0.9170609922460805,-0.013772680253034283,0.8907229757058501
3930158,Scotland,Germany,away,1,5,-4,0,0,1,89,7,45,45,0.07865168539325842,0.5056179775280899,0.5056179775280899,0.052118529374574424,0.6028978132087027,0.07029947154617351,0.4826112572372605,0.06287131689367854,0.5301579172118817,-0.07348478230239922,0.46294487670433704,-0.09911909304686624,0.3216076634744421,-0.08971141459164017,0.36988749359555434,-0.00773957511079837,0.9384615271052718,-0.010439435778601801,0.9170609922460805,-0.013772680253034283,0.8907229757058501
3930159,Switzerland,Hungary,home,1,3,-2,0,0,1,93,57,46,45,0.6129032258064516,0.4946236559139785,0.4838709677419355,0.052118529374574424,0.6028978132087027,0.07029947154617351,0.4826112572372605,0.06287131689367854,0.5301579172118817,-0.07348478230239922,0.46294487670433704,-0.09911909304686624,0.3216076634744421,-0.08971141459164017,0.36988749359555434,-0.00773957511079837,0.9384615271052718,-0.010439435778601801,0.9170609922460805,-0.013772680253034283,0.8907229757058501
3930159,Hungary,Switzerland,away,3,1,2,1,0,0,93,36,47,48,0.3870967741935484,0.5053763440860215,0.5161290322580645,0.052118529374574424,0.6028978132087027,0.07029947154617351,0.4826112572372605,0.06287131689367854,0.5301579172118817,-0.07348478230239922,0.46294487670433704,-0.09911909304686624,0.3216076634744421,-0.08971141459164017,0.36988749359555434,-0.00773957511079837,0.9384615271052718,-0.010439435778601801,0.9170609922460805,-0.013772680253034283,0.8907229757058501
3930160,Spain,Croatia,home,3,0,3,1,0,0,91,42,43,43,0.46153846153846156,0.4725274725274725,0.4725274725274725,0.052118529374574424,0.6028978132087027,0.07029947154617351,0.4826112572372605,0.06287131689367854,0.5301579172118817,-0.07348478230239922,0.46294487670433704,-0.09911909304686624,0.3216076634744421,-0.08971141459164017,0.36988749359555434,-0.00773957511079837,0.9384615271052718,-0.010439435778601801,0.9170609922460805,-0.013772680253034283,0.8907229757058501
3930160,Croatia,Spain,away,0,3,-3,0,0,1,91,49,48,48,0.5384615384615384,0.5274725274725275,0.5274725274725275,0.052118529374574424,0.6028978132087027,0.07029947154617351,0.4826112572372605,0.06287131689367854,0.5301579172118817,-0.07348478230239922,0.46294487670433704,-0.09911909304686624,0.3216076634744421,-0.08971141459164017,0.36988749359555434,-0.00773957511079837,0.9384615271052718,-0.010439435778601801,0.9170609922460805,-0.013772680253034283,0.8907229757058501
3930161,Italy,Albania,home,2,1,1,1,0,0,91,73,41,42,0.8021978021978022,0.45054945054945056,0.46153846153846156,0.052118529374574424,0.6028978132087027,0.07029947154617351,0.4826112572372605,0.06287131689367854,0.5301579172118817,-0.07348478230239922,0.46294487670433704,-0.09911909304686624,0.3216076634744421,-0.08971141459164017,0.36988749359555434,-0.00773957511079837,0.9384615271052718,-0.010439435778601801,0.9170609922460805,-0.013772680253034283,0.8907229757058501
3930161,Albania,Italy,away,1,2,-1,0,0,1,91,18,50,49,0.1978021978021978,0.5494505494505495,0.5384615384615384,0.052118529374574424,0.6028978132087027,0.07029947154617351,0.4826112572372605,0.06287131689367854,0.5301579172118817,-0.07348478230239922,0.46294487670433704,-0.09911909304686624,0.3216076634744421,-0.08971141459164017,0.36988749359555434,-0.00773957511079837,0.9384615271052718,-0.010439435778601801,0.9170609922460805,-0.013772680253034283,0.8907229757058501
3930162,Slovenia,Denmark,home,1,1,0,0,1,0,90,25,45,45,0.2777777777777778,0.5,0.5,0.052118529374574424,0.6028978132087027,0.07029947154617351,0.4826112572372605,0.06287131689367854,0.5301579172118817,-0.07348478230239922,0.46294487670433704,-0.09911909304686624,0.3216076634744421,-0.08971141459164017,0.36988749359555434,-0.00773957511079837,0.9384615271052718,-0.010439435778601801,0.9170609922460805,-0.013772680253034283,0.8907229757058501
3930162,Denmark,Slovenia,away,1,1,0,0,1,0,90,65,45,45,0.7222222222222222,0.5,0.5,0.052118529374574424,0.6028978132087027,0.07029947154617351,0.4826112572372605,0.06287131689367854,0.5301579172118817,-0.07348478230239922,0.46294487670433704,-0.09911909304686624,0.3216076634744421,-0.08971141459164017,0.36988749359555434,-0.00773957511079837,0.9384615271052718,-0.010439435778601801,0.9170609922460805,-0.013772680253034283,0.8907229757058501
3930163,Serbia,England,home,0,1,-1,0,0,1,90,44,49,47,0.4888888888888889,0.5444444444444444,0.5222222222222223,0.052118529374574424,0.6028978132087027,0.07029947154617351,0.4826112572372605,0.06287131689367854,0.5301579172118817,-0.07348478230239922,0.46294487670433704,-0.09911909304686624,0.3216076634744421,-0.08971141459164017,0.36988749359555434,-0.00773957511079837,0.9384615271052718,-0.010439435778601801,0.9170609922460805,-0.013772680253034283,0.8907229757058501
3930163,England,Serbia,away,1,0,1,1,0,0,90,46,41,43,0.5111111111111111,0.45555555555555555,0.4777777777777778,0.052118529374574424,0.6028978132087027,0.07029947154617351,0.4826112572372605,0.06287131689367854,0.5301579172118817,-0.07348478230239922,0.46294487670433704,-0.09911909304686624,0.3216076634744421,-0.08971141459164017,0.36988749359555434,-0.00773957511079837,0.9384615271052718,-0.010439435778601801,0.9170609922460805,-0.013772680253034283,0.8907229757058501
3930164,Slovakia,Belgium,home,0,1,-1,0,0,1,94,37,47,45,0.39361702127659576,0.5,0.4787234042553192,0.052118529374574424,0.6028978132087027,0.07029947154617351,0.4826112572372605,0.06287131689367854,0.5301579172118817,-0.07348478230239922,0.46294487670433704,-0.09911909304686624,0.3216076634744421,-0.08971141459164017,0.36988749359555434,-0.00773957511079837,0.9384615271052718,-0.010439435778601801,0.9170609922460805,-0.013772680253034283,0.8907229757058501
3930164,Belgium,Slovakia,away,1,0,1,1,0,0,94,57,47,49,0.6063829787234043,0.5,0.5212765957446809,0.052118529374574424,0.6028978132087027,0.07029947154617351,0.4826112572372605,0.06287131689367854,0.5301579172118817,-0.07348478230239922,0.46294487670433704,-0.09911909304686624,0.3216076634744421,-0.08971141459164017,0.36988749359555434,-0.00773957511079837,0.9384615271052718,-0.010439435778601801,0.9170609922460805,-0.013772680253034283,0.8907229757058501
3930165,Austria,France,home,0,1,-1,0,0,1,95,53,45,44,0.5578947368421052,0.47368421052631576,0.4631578947368421,0.052118529374574424,0.6028978132087027,0.07029947154617351,0.4826112572372605,0.06287131689367854,0.5301579172118817,-0.07348478230239922,0.46294487670433704,-0.09911909304686624,0.3216076634744421,-0.08971141459164017,0.36988749359555434,-0.00773957511079837,0.9384615271052718,-0.010439435778601801,0.9170609922460805,-0.013772680253034283,0.8907229757058501
3930165,France,Austria,away,1,0,1,1,0,0,95,42,50,51,0.4421052631578947,0.5263157894736842,0.5368421052631579,0.052118529374574424,0.6028978132087027,0.07029947154617351,0.4826112572372605,0.06287131689367854,0.5301579172118817,-0.07348478230239922,0.46294487670433704,-0.09911909304686624,0.3216076634744421,-0.08971141459164017,0.36988749359555434,-0.00773957511079837,0.9384615271052718,-0.010439435778601801,0.9170609922460805,-0.013772680253034283,0.8907229757058501
3930166,Portugal,Czech Republic,home,2,1,1,1,0,0,91,79,44,42,0.8681318681318682,0.4835164835164835,0.46153846153846156,0.052118529374574424,0.6028978132087027,0.07029947154617351,0.4826112572372605,0.06287131689367854,0.5301579172118817,-0.07348478230239922,0.46294487670433704,-0.09911909304686624,0.3216076634744421,-0.08971141459164017,0.36988749359555434,-0.00773957511079837,0.9384615271052718,-0.010439435778601801,0.9170609922460805,-0.013772680253034283,0.8907229757058501
3930166,Czech Republic,Portugal,away,1,2,-1,0,0,1,91,12,47,49,0.13186813186813187,0.5164835164835165,0.5384615384615384,0.052118529374574424,0.6028978132087027,0.07029947154617351,0.4826112572372605,0.06287131689367854,0.5301579172118817,-0.07348478230239922,0.46294487670433704,-0.09911909304686624,0.3216076634744421,-0.08971141459164017,0.36988749359555434,-0.00773957511079837,0.9384615271052718,-0.010439435778601801,0.9170609922460805,-0.013772680253034283,0.8907229757058501
3930167,Albania,Croatia,home,2,2,0,0,1,0,94,24,47,47,0.2553191489361702,0.5,0.5,0.052118529374574424,0.6028978132087027,0.07029947154617351,0.4826112572372605,0.06287131689367854,0.5301579172118817,-0.07348478230239922,0.46294487670433704,-0.09911909304686624,0.3216076634744421,-0.08971141459164017,0.36988749359555434,-0.00773957511079837,0.9384615271052718,-0.010439435778601801,0.9170609922460805,-0.013772680253034283,0.8907229757058501
3930167,Croatia,Albania,away,2,2,0,0,1,0,94,70,47,47,0.7446808510638298,0.5,0.5,0.052118529374574424,0.6028978132087027,0.07029947154617351,0.4826112572372605,0.06287131689367854,0.5301579172118817,-0.07348478230239922,0.46294487670433704,-0.09911909304686624,0.3216076634744421,-0.08971141459164017,0.36988749359555434,-0.00773957511079837,0.9384615271052718,-0.010439435778601801,0.9170609922460805,-0.013772680253034283,0.8907229757058501
3930168,Germany,Hungary,home,2,0,2,1,0,0,89,75,44,45,0.8426966292134831,0.4943820224719101,0.5056179775280899,0.052118529374574424,0.6028978132087027,0.07029947154617351,0.4826112572372605,0.06287131689367854,0.5301579172118817,-0.07348478230239922,0.46294487670433704,-0.09911909304686624,0.3216076634744421,-0.08971141459164017,0.36988749359555434,-0.00773957511079837,0.9384615271052718,-0.010439435778601801,0.9170609922460805,-0.013772680253034283,0.8907229757058501
3930168,Hungary,Germany,away,0,2,-2,0,0,1,89,14,45,44,0.15730337078651685,0.5056179775280899,0.4943820224719101,0.052118529374574424,0.6028978132087027,0.07029947154617351,0.4826112572372605,0.06287131689367854,0.5301579172118817,-0.07348478230239922,0.46294487670433704,-0.09911909304686624,0.3216076634744421,-0.08971141459164017,0.36988749359555434,-0.00773957511079837,0.9384615271052718,-0.010439435778601801,0.9170609922460805,-0.013772680253034283,0.8907229757058501
3930169,Switzerland,Scotland,home,1,1,0,0,1,0,90,54,43,44,0.6,0.4777777777777778,0.4888888888888889,0.052118529374574424,0.6028978132087027,0.07029947154617351,0.4826112572372605,0.06287131689367854,0.5301579172118817,-0.07348478230239922,0.46294487670433704,-0.09911909304686624,0.3216076634744421,-0.08971141459164017,0.36988749359555434,-0.00773957511079837,0.9384615271052718,-0.010439435778601801,0.9170609922460805,-0.013772680253034283,0.8907229757058501
3930169,Scotland,Switzerland,away,1,1,0,0,1,0,90,36,47,46,0.4,0.5222222222222223,0.5111111111111111,0.052118529374574424,0.6028978132087027,0.07029947154617351,0.4826112572372605,0.06287131689367854,0.5301579172118817,-0.07348478230239922,0.46294487670433704,-0.09911909304686624,0.3216076634744421,-0.08971141459164017,0.36988749359555434,-0.00773957511079837,0.9384615271052718,-0.010439435778601801,0.9170609922460805,-0.013772680253034283,0.8907229757058501
3930170,Slovenia,Serbia,home,1,1,0,0,1,0,92,36,43,43,0.391304347826087,0.4673913043478261,0.4673913043478261,0.052118529374574424,0.6028978132087027,0.07029947154617351,0.4826112572372605,0.06287131689367854,0.5301579172118817,-0.07348478230239922,0.46294487670433704,-0.09911909304686624,0.3216076634744421,-0.08971141459164017,0.36988749359555434,-0.00773957511079837,0.9384615271052718,-0.010439435778601801,0.9170609922460805,-0.013772680253034283,0.8907229757058501
3930170,Serbia,Slovenia,away,1,1,0,0,1,0,92,56,49,49,0.6086956521739131,0.532608695652174,0.532608695652174,0.052118529374574424,0.6028978132087027,0.07029947154617351,0.4826112572372605,0.06287131689367854,0.5301579172118817,-0.07348478230239922,0.46294487670433704,-0.09911909304686624,0.3216076634744421,-0.08971141459164017,0.36988749359555434,-0.00773957511079837,0.9384615271052718,-0.010439435778601801,0.9170609922460805,-0.013772680253034283,0.8907229757058501
3930171,Denmark,England,home,1,1,0,0,1,0,89,51,43,42,0.5730337078651685,0.48314606741573035,0.47191011235955055,0.052118529374574424,0.6028978132087027,0.07029947154617351,0.4826112572372605,0.06287131689367854,0.5301579172118817,-0.07348478230239922,0.46294487670433704,-0.09911909304686624,0.3216076634744421,-0.08971141459164017,0.36988749359555434,-0.00773957511079837,0.9384615271052718,-0.010439435778601801,0.9170609922460805,-0.013772680253034283,0.8907229757058501
3930171,England,Denmark,away,1,1,0,0,1,0,89,38,46,47,0.42696629213483145,0.5168539325842697,0.5280898876404494,0.052118529374574424,0.6028978132087027,0.07029947154617351,0.4826112572372605,0.06287131689367854,0.5301579172118817,-0.07348478230239922,0.46294487670433704,-0.09911909304686624,0.3216076634744421,-0.08971141459164017,0.36988749359555434,-0.00773957511079837,0.9384615271052718,-0.010439435778601801,0.9170609922460805,-0.013772680253034283,0.8907229757058501
3930172,Italy,Spain,home,1,0,1,1,0,0,92,23,49,48,0.25,0.532608695652174,0.5217391304347826,0.052118529374574424,0.6028978132087027,0.07029947154617351,0.4826112572372605,0.06287131689367854,0.5301579172118817,-0.07348478230239922,0.46294487670433704,-0.09911909304686624,0.3216076634744421,-0.08971141459164017,0.36988749359555434,-0.00773957511079837,0.9384615271052718,-0.010439435778601801,0.9170609922460805,-0.013772680253034283,0.8907229757058501
3930172,Spain,Italy,away,0,1,-1,0,0,1,92,69,43,44,0.75,0.4673913043478261,0.4782608695652174,0.052118529374574424,0.6028978132087027,0.07029947154617351,0.4826112572372605,0.06287131689367854,0.5301579172118817,-0.07348478230239922,0.46294487670433704,-0.09911909304686624,0.3216076634744421,-0.08971141459164017,0.36988749359555434,-0.00773957511079837,0.9384615271052718,-0.010439435778601801,0.9170609922460805,-0.013772680253034283,0.8907229757058501
3930173,Netherlands,France,home,0,0,0,0,1,0,91,27,41,40,0.2967032967032967,0.45054945054945056,0.43956043956043955,0.052118529374574424,0.6028978132087027,0.07029947154617351,0.4826112572372605,0.06287131689367854,0.5301579172118817,-0.07348478230239922,0.46294487670433704,-0.09911909304686624,0.3216076634744421,-0.08971141459164017,0.36988749359555434,-0.00773957511079837,0.9384615271052718,-0.010439435778601801,0.9170609922460805,-0.013772680253034283,0.8907229757058501
3930173,France,Netherlands,away,0,0,0,0,1,0,91,64,50,51,0.7032967032967034,0.5494505494505495,0.5604395604395604,0.052118529374574424,0.6028978132087027,0.07029947154617351,0.4826112572372605,0.06287131689367854,0.5301579172118817,-0.07348478230239922,0.46294487670433704,-0.09911909304686624,0.3216076634744421,-0.08971141459164017,0.36988749359555434,-0.00773957511079837,0.9384615271052718,-0.010439435778601801,0.9170609922460805,-0.013772680253034283,0.8907229757058501
3930174,Portugal,Turkey,home,0,3,-3,0,0,1,91,53,49,48,0.5824175824175825,0.5384615384615384,0.5274725274725275,0.052118529374574424,0.6028978132087027,0.07029947154617351,0.4826112572372605,0.06287131689367854,0.5301579172118817,-0.07348478230239922,0.46294487670433704,-0.09911909304686624,0.3216076634744421,-0.08971141459164017,0.36988749359555434,-0.00773957511079837,0.9384615271052718,-0.010439435778601801,0.9170609922460805,-0.013772680253034283,0.8907229757058501
3930174,Turkey,Portugal,away,3,0,3,1,0,0,91,38,42,43,0.4175824175824176,0.46153846153846156,0.4725274725274725,0.052118529374574424,0.6028978132087027,0.07029947154617351,0.4826112572372605,0.06287131689367854,0.5301579172118817,-0.07348478230239922,0.46294487670433704,-0.09911909304686624,0.3216076634744421,-0.08971141459164017,0.36988749359555434,-0.00773957511079837,0.9384615271052718,-0.010439435778601801,0.9170609922460805,-0.013772680253034283,0.8907229757058501
3930175,Belgium,Romania,home,2,0,2,1,0,0,90,56,47,47,0.6222222222222222,0.5222222222222223,0.5222222222222223,0.052118529374574424,0.6028978132087027,0.07029947154617351,0.4826112572372605,0.06287131689367854,0.5301579172118817,-0.07348478230239922,0.46294487670433704,-0.09911909304686624,0.3216076634744421,-0.08971141459164017,0.36988749359555434,-0.00773957511079837,0.9384615271052718,-0.010439435778601801,0.9170609922460805,-0.013772680253034283,0.8907229757058501
3930175,Romania,Belgium,away,0,2,-2,0,0,1,90,34,43,43,0.37777777777777777,0.4777777777777778,0.4777777777777778,0.052118529374574424,0.6028978132087027,0.07029947154617351,0.4826112572372605,0.06287131689367854,0.5301579172118817,-0.07348478230239922,0.46294487670433704,-0.09911909304686624,0.3216076634744421,-0.08971141459164017,0.36988749359555434,-0.00773957511079837,0.9384615271052718,-0.010439435778601801,0.9170609922460805,-0.013772680253034283,0.8907229757058501
3930176,Switzerland,Germany,home,1,1,0,0,1,0,90,28,43,43,0.3111111111111111,0.4777777777777778,0.4777777777777778,0.052118529374574424,0.6028978132087027,0.07029947154617351,0.4826112572372605,0.06287131689367854,0.5301579172118817,-0.07348478230239922,0.46294487670433704,-0.09911909304686624,0.3216076634744421,-0.08971141459164017,0.36988749359555434,-0.00773957511079837,0.9384615271052718,-0.010439435778601801,0.9170609922460805,-0.013772680253034283,0.8907229757058501
3930176,Germany,Switzerland,away,1,1,0,0,1,0,90,62,47,47,0.6888888888888889,0.5222222222222223,0.5222222222222223,0.052118529374574424,0.6028978132087027,0.07029947154617351,0.4826112572372605,0.06287131689367854,0.5301579172118817,-0.07348478230239922,0.46294487670433704,-0.09911909304686624,0.3216076634744421,-0.08971141459164017,0.36988749359555434,-0.00773957511079837,0.9384615271052718,-0.010439435778601801,0.9170609922460805,-0.013772680253034283,0.8907229757058501
3930177,Hungary,Scotland,home,0,1,-1,0,0,1,97,48,51,51,0.4948453608247423,0.5257731958762887,0.5257731958762887,0.052118529374574424,0.6028978132087027,0.07029947154617351,0.4826112572372605,0.06287131689367854,0.5301579172118817,-0.07348478230239922,0.46294487670433704,-0.09911909304686624,0.3216076634744421,-0.08971141459164017,0.36988749359555434,-0.00773957511079837,0.9384615271052718,-0.010439435778601801,0.9170609922460805,-0.013772680253034283,0.8907229757058501
3930177,Scotland,Hungary,away,1,0,1,1,0,0,97,49,46,46,0.5051546391752577,0.4742268041237113,0.4742268041237113,0.052118529374574424,0.6028978132087027,0.07029947154617351,0.4826112572372605,0.06287131689367854,0.5301579172118817,-0.07348478230239922,0.46294487670433704,-0.09911909304686624,0.3216076634744421,-0.08971141459164017,0.36988749359555434,-0.00773957511079837,0.9384615271052718,-0.010439435778601801,0.9170609922460805,-0.013772680253034283,0.8907229757058501
3930178,Italy,Croatia,home,1,1,0,0,1,0,95,43,48,48,0.45263157894736844,0.5052631578947369,0.5052631578947369,0.052118529374574424,0.6028978132087027,0.07029947154617351,0.4826112572372605,0.06287131689367854,0.5301579172118817,-0.07348478230239922,0.46294487670433704,-0.09911909304686624,0.3216076634744421,-0.08971141459164017,0.36988749359555434,-0.00773957511079837,0.9384615271052718,-0.010439435778601801,0.9170609922460805,-0.013772680253034283,0.8907229757058501
3930178,Croatia,Italy,away,1,1,0,0,1,0,95,52,47,47,0.5473684210526316,0.49473684210526314,0.49473684210526314,0.052118529374574424,0.6028978132087027,0.07029947154617351,0.4826112572372605,0.06287131689367854,0.5301579172118817,-0.07348478230239922,0.46294487670433704,-0.09911909304686624,0.3216076634744421,-0.08971141459164017,0.36988749359555434,-0.00773957511079837,0.9384615271052718,-0.010439435778601801,0.9170609922460805,-0.013772680253034283,0.8907229757058501
3930179,Albania,Spain,home,0,1,-1,0,0,1,90,29,42,43,0.32222222222222224,0.4666666666666667,0.4777777777777778,0.052118529374574424,0.6028978132087027,0.07029947154617351,0.4826112572372605,0.06287131689367854,0.5301579172118817,-0.07348478230239922,0.46294487670433704,-0.09911909304686624,0.3216076634744421,-0.08971141459164017,0.36988749359555434,-0.00773957511079837,0.9384615271052718,-0.010439435778601801,0.9170609922460805,-0.013772680253034283,0.8907229757058501
3930179,Spain,Albania,away,1,0,1,1,0,0,90,61,48,47,0.6777777777777778,0.5333333333333333,0.5222222222222223,0.052118529374574424,0.6028978132087027,0.07029947154617351,0.4826112572372605,0.06287131689367854,0.5301579172118817,-0.07348478230239922,0.46294487670433704,-0.09911909304686624,0.3216076634744421,-0.08971141459164017,0.36988749359555434,-0.00773957511079837,0.9384615271052718,-0.010439435778601801,0.9170609922460805,-0.013772680253034283,0.8907229757058501
3930180,Netherlands,Austria,home,2,3,-1,0,0,1,93,48,49,48,0.5161290322580645,0.5268817204301075,0.5161290322580645,0.052118529374574424,0.6028978132087027,0.07029947154617351,0.4826112572372605,0.06287131689367854,0.5301579172118817,-0.07348478230239922,0.46294487670433704,-0.09911909304686624,0.3216076634744421,-0.08971141459164017,0.36988749359555434,-0.00773957511079837,0.9384615271052718,-0.010439435778601801,0.9170609922460805,-0.013772680253034283,0.8907229757058501
3930180,Austria,Netherlands,away,3,2,1,1,0,0,93,45,44,45,0.4838709677419355,0.4731182795698925,0.4838709677419355,0.052118529374574424,0.6028978132087027,0.07029947154617351,0.4826112572372605,0.06287131689367854,0.5301579172118817,-0.07348478230239922,0.46294487670433704,-0.09911909304686624,0.3216076634744421,-0.08971141459164017,0.36988749359555434,-0.00773957511079837,0.9384615271052718,-0.010439435778601801,0.9170609922460805,-0.013772680253034283,0.8907229757058501
3930181,Slovenia,England,home,0,0,0,0,1,0,90,17,41,42,0.18888888888888888,0.45555555555555555,0.4666666666666667,0.052118529374574424,0.6028978132087027,0.07029947154617351,0.4826112572372605,0.06287131689367854,0.5301579172118817,-0.07348478230239922,0.46294487670433704,-0.09911909304686624,0.3216076634744421,-0.08971141459164017,0.36988749359555434,-0.00773957511079837,0.9384615271052718,-0.010439435778601801,0.9170609922460805,-0.013772680253034283,0.8907229757058501
3930181,England,Slovenia,away,0,0,0,0,1,0,90,73,49,48,0.8111111111111111,0.5444444444444444,0.5333333333333333,0.052118529374574424,0.6028978132087027,0.07029947154617351,0.4826112572372605,0.06287131689367854,0.5301579172118817,-0.07348478230239922,0.46294487670433704,-0.09911909304686624,0.3216076634744421,-0.08971141459164017,0.36988749359555434,-0.00773957511079837,0.9384615271052718,-0.010439435778601801,0.9170609922460805,-0.013772680253034283,0.8907229757058501
3930182,Denmark,Serbia,home,0,0,0,0,1,0,91,61,48,47,0.6703296703296703,0.5274725274725275,0.5164835164835165,0.052118529374574424,0.6028978132087027,0.07029947154617351,0.4826112572372605,0.06287131689367854,0.5301579172118817,-0.07348478230239922,0.46294487670433704,-0.09911909304686624,0.3216076634744421,-0.08971141459164017,0.36988749359555434,-0.00773957511079837,0.9384615271052718,-0.010439435778601801,0.9170609922460805,-0.013772680253034283,0.8907229757058501
3930182,Serbia,Denmark,away,0,0,0,0,1,0,91,30,43,44,0.32967032967032966,0.4725274725274725,0.4835164835164835,0.052118529374574424,0.6028978132087027,0.07029947154617351,0.4826112572372605,0.06287131689367854,0.5301579172118817,-0.07348478230239922,0.46294487670433704,-0.09911909304686624,0.3216076634744421,-0.08971141459164017,0.36988749359555434,-0.00773957511079837,0.9384615271052718,-0.010439435778601801,0.9170609922460805,-0.013772680253034283,0.8907229757058501
3930183,Slovakia,Romania,home,1,1,0,0,1,0,90,53,53,52,0.5888888888888889,0.5888888888888889,0.5777777777777777,0.052118529374574424,0.6028978132087027,0.07029947154617351,0.4826112572372605,0.06287131689367854,0.5301579172118817,-0.07348478230239922,0.46294487670433704,-0.09911909304686624,0.3216076634744421,-0.08971141459164017,0.36988749359555434,-0.00773957511079837,0.9384615271052718,-0.010439435778601801,0.9170609922460805,-0.013772680253034283,0.8907229757058501
3930183,Romania,Slovakia,away,1,1,0,0,1,0,90,37,37,38,0.4111111111111111,0.4111111111111111,0.4222222222222222,0.052118529374574424,0.6028978132087027,0.07029947154617351,0.4826112572372605,0.06287131689367854,0.5301579172118817,-0.07348478230239922,0.46294487670433704,-0.09911909304686624,0.3216076634744421,-0.08971141459164017,0.36988749359555434,-0.00773957511079837,0.9384615271052718,-0.010439435778601801,0.9170609922460805,-0.013772680253034283,0.8907229757058501
3930184,Czech Republic,Turkey,home,1,2,-1,0,0,1,93,30,47,47,0.3225806451612903,0.5053763440860215,0.5053763440860215,0.052118529374574424,0.6028978132087027,0.07029947154617351,0.4826112572372605,0.06287131689367854,0.5301579172118817,-0.07348478230239922,0.46294487670433704,-0.09911909304686624,0.3216076634744421,-0.08971141459164017,0.36988749359555434,-0.00773957511079837,0.9384615271052718,-0.010439435778601801,0.9170609922460805,-0.013772680253034283,0.8907229757058501
3930184,Turkey,Czech Republic,away,2,1,1,1,0,0,93,63,46,46,0.6774193548387096,0.4946236559139785,0.4946236559139785,0.052118529374574424,0.6028978132087027,0.07029947154617351,0.4826112572372605,0.06287131689367854,0.5301579172118817,-0.07348478230239922,0.46294487670433704,-0.09911909304686624,0.3216076634744421,-0.08971141459164017,0.36988749359555434,-0.00773957511079837,0.9384615271052718,-0.010439435778601801,0.9170609922460805,-0.013772680253034283,0.8907229757058501
3938637,Netherlands,Poland,home,1,2,-1,0,0,1,91,65,42,41,0.7142857142857143,0.46153846153846156,0.45054945054945056,0.052118529374574424,0.6028978132087027,0.07029947154617351,0.4826112572372605,0.06287131689367854,0.5301579172118817,-0.07348478230239922,0.46294487670433704,-0.09911909304686624,0.3216076634744421,-0.08971141459164017,0.36988749359555434,-0.00773957511079837,0.9384615271052718,-0.010439435778601801,0.9170609922460805,-0.013772680253034283,0.8907229757058501
3938637,Poland,Netherlands,away,2,1,1,1,0,0,91,26,49,50,0.2857142857142857,0.5384615384615384,0.5494505494505495,0.052118529374574424,0.6028978132087027,0.07029947154617351,0.4826112572372605,0.06287131689367854,0.5301579172118817,-0.07348478230239922,0.46294487670433704,-0.09911909304686624,0.3216076634744421,-0.08971141459164017,0.36988749359555434,-0.00773957511079837,0.9384615271052718,-0.010439435778601801,0.9170609922460805,-0.013772680253034283,0.8907229757058501
3938638,Ukraine,Romania,home,3,0,3,1,0,0,90,67,50,50,0.7444444444444445,0.5555555555555556,0.5555555555555556,0.052118529374574424,0.6028978132087027,0.07029947154617351,0.4826112572372605,0.06287131689367854,0.5301579172118817,-0.07348478230239922,0.46294487670433704,-0.09911909304686624,0.3216076634744421,-0.08971141459164017,0.36988749359555434,-0.00773957511079837,0.9384615271052718,-0.010439435778601801,0.9170609922460805,-0.013772680253034283,0.8907229757058501
3938638,Romania,Ukraine,away,0,3,-3,0,0,1,90,23,40,40,0.25555555555555554,0.4444444444444444,0.4444444444444444,0.052118529374574424,0.6028978132087027,0.07029947154617351,0.4826112572372605,0.06287131689367854,0.5301579172118817,-0.07348478230239922,0.46294487670433704,-0.09911909304686624,0.3216076634744421,-0.08971141459164017,0.36988749359555434,-0.00773957511079837,0.9384615271052718,-0.010439435778601801,0.9170609922460805,-0.013772680253034283,0.8907229757058501
3938639,Georgia,Turkey,home,3,1,2,1,0,0,93,35,43,44,0.3763440860215054,0.46236559139784944,0.4731182795698925,0.052118529374574424,0.6028978132087027,0.07029947154617351,0.4826112572372605,0.06287131689367854,0.5301579172118817,-0.07348478230239922,0.46294487670433704,-0.09911909304686624,0.3216076634744421,-0.08971141459164017,0.36988749359555434,-0.00773957511079837,0.9384615271052718,-0.010439435778601801,0.9170609922460805,-0.013772680253034283,0.8907229757058501
3938639,Turkey,Georgia,away,1,3,-2,0,0,1,93,58,50,49,0.6236559139784946,0.5376344086021505,0.5268817204301075,0.052118529374574424,0.6028978132087027,0.07029947154617351,0.4826112572372605,0.06287131689367854,0.5301579172118817,-0.07348478230239922,0.46294487670433704,-0.09911909304686624,0.3216076634744421,-0.08971141459164017,0.36988749359555434,-0.00773957511079837,0.9384615271052718,-0.010439435778601801,0.9170609922460805,-0.013772680253034283,0.8907229757058501
3938640,Slovakia,Ukraine,home,1,2,-1,0,0,1,91,44,41,41,0.4835164835164835,0.45054945054945056,0.45054945054945056,0.052118529374574424,0.6028978132087027,0.07029947154617351,0.4826112572372605,0.06287131689367854,0.5301579172118817,-0.07348478230239922,0.46294487670433704,-0.09911909304686624,0.3216076634744421,-0.08971141459164017,0.36988749359555434,-0.00773957511079837,0.9384615271052718,-0.010439435778601801,0.9170609922460805,-0.013772680253034283,0.8907229757058501
3938640,Ukraine,Slovakia,away,2,1,1,1,0,0,91,47,50,50,0.5164835164835165,0.5494505494505495,0.5494505494505495,0.052118529374574424,0.6028978132087027,0.07029947154617351,0.4826112572372605,0.06287131689367854,0.5301579172118817,-0.07348478230239922,0.46294487670433704,-0.09911909304686624,0.3216076634744421,-0.08971141459164017,0.36988749359555434,-0.00773957511079837,0.9384615271052718,-0.010439435778601801,0.9170609922460805,-0.013772680253034283,0.8907229757058501
3938641,Austria,Poland,home,1,3,-2,0,0,1,90,58,43,44,0.6444444444444445,0.4777777777777778,0.4888888888888889,0.052118529374574424,0.6028978132087027,0.07029947154617351,0.4826112572372605,0.06287131689367854,0.5301579172118817,-0.07348478230239922,0.46294487670433704,-0.09911909304686624,0.3216076634744421,-0.08971141459164017,0.36988749359555434,-0.00773957511079837,0.9384615271052718,-0.010439435778601801,0.9170609922460805,-0.013772680253034283,0.8907229757058501
3938641,Poland,Austria,away,3,1,2,1,0,0,90,32,47,46,0.35555555555555557,0.5222222222222223,0.5111111111111111,0.052118529374574424,0.6028978132087027,0.07029947154617351,0.4826112572372605,0.06287131689367854,0.5301579172118817,-0.07348478230239922,0.46294487670433704,-0.09911909304686624,0.3216076634744421,-0.08971141459164017,0.36988749359555434,-0.00773957511079837,0.9384615271052718,-0.010439435778601801,0.9170609922460805,-0.013772680253034283,0.8907229757058501
3938642,Czech Republic,Georgia,home,1,1,0,0,1,0,91,69,43,44,0.7582417582417582,0.4725274725274725,0.4835164835164835,0.052118529374574424,0.6028978132087027,0.07029947154617351,0.4826112572372605,0.06287131689367854,0.5301579172118817,-0.07348478230239922,0.46294487670433704,-0.09911909304686624,0.3216076634744421,-0.08971141459164017,0.36988749359555434,-0.00773957511079837,0.9384615271052718,-0.010439435778601801,0.9170609922460805,-0.013772680253034283,0.8907229757058501
3938642,Georgia,Czech Republic,away,1,1,0,0,1,0,91,22,48,47,0.24175824175824176,0.5274725274725275,0.5164835164835165,0.052118529374574424,0.6028978132087027,0.07029947154617351,0.4826112572372605,0.06287131689367854,0.5301579172118817,-0.07348478230239922,0.46294487670433704,-0.09911909304686624,0.3216076634744421,-0.08971141459164017,0.36988749359555434,-0.00773957511079837,0.9384615271052718,-0.010439435778601801,0.9170609922460805,-0.013772680253034283,0.8907229757058501
3938643,Poland,France,home,1,1,0,0,1,0,91,21,43,42,0.23076923076923078,0.4725274725274725,0.46153846153846156,0.052118529374574424,0.6028978132087027,0.07029947154617351,0.4826112572372605,0.06287131689367854,0.5301579172118817,-0.07348478230239922,0.46294487670433704,-0.09911909304686624,0.3216076634744421,-0.08971141459164017,0.36988749359555434,-0.00773957511079837,0.9384615271052718,-0.010439435778601801,0.9170609922460805,-0.013772680253034283,0.8907229757058501
3938643,France,Poland,away,1,1,0,0,1,0,91,70,48,49,0.7692307692307693,0.5274725274725275,0.5384615384615384,0.052118529374574424,0.6028978132087027,0.07029947154617351,0.4826112572372605,0.06287131689367854,0.5301579172118817,-0.07348478230239922,0.46294487670433704,-0.09911909304686624,0.3216076634744421,-0.08971141459164017,0.36988749359555434,-0.00773957511079837,0.9384615271052718,-0.010439435778601801,0.9170609922460805,-0.013772680253034283,0.8907229757058501
3938644,Portugal,Georgia,home,2,0,2,1,0,0,90,82,41,42,0.9111111111111111,0.45555555555555555,0.4666666666666667,0.052118529374574424,0.6028978132087027,0.07029947154617351,0.4826112572372605,0.06287131689367854,0.5301579172118817,-0.07348478230239922,0.46294487670433704,-0.09911909304686624,0.3216076634744421,-0.08971141459164017,0.36988749359555434,-0.00773957511079837,0.9384615271052718,-0.010439435778601801,0.9170609922460805,-0.013772680253034283,0.8907229757058501
3938644,Georgia,Portugal,away,0,2,-2,0,0,1,90,8,49,48,0.08888888888888889,0.5444444444444444,0.5333333333333333,0.052118529374574424,0.6028978132087027,0.07029947154617351,0.4826112572372605,0.06287131689367854,0.5301579172118817,-0.07348478230239922,0.46294487670433704,-0.09911909304686624,0.3216076634744421,-0.08971141459164017,0.36988749359555434,-0.00773957511079837,0.9384615271052718,-0.010439435778601801,0.9170609922460805,-0.013772680253034283,0.8907229757058501
3938645,Ukraine,Belgium,home,0,0,0,0,1,0,90,34,38,39,0.37777777777777777,0.4222222222222222,0.43333333333333335,0.052118529374574424,0.6028978132087027,0.07029947154617351,0.4826112572372605,0.06287131689367854,0.5301579172118817,-0.07348478230239922,0.46294487670433704,-0.09911909304686624,0.3216076634744421,-0.08971141459164017,0.36988749359555434,-0.00773957511079837,0.9384615271052718,-0.010439435778601801,0.9170609922460805,-0.013772680253034283,0.8907229757058501
3938645,Belgium,Ukraine,away,0,0,0,0,1,0,90,56,52,51,0.6222222222222222,0.5777777777777777,0.5666666666666667,0.052118529374574424,0.6028978132087027,0.07029947154617351,0.4826112572372605,0.06287131689367854,0.5301579172118817,-0.07348478230239922,0.46294487670433704,-0.09911909304686624,0.3216076634744421,-0.08971141459164017,0.36988749359555434,-0.00773957511079837,0.9384615271052718,-0.010439435778601801,0.9170609922460805,-0.013772680253034283,0.8907229757058501
3940878,Switzerland,Italy,home,2,0,2,1,0,0,88,47,40,40,0.5340909090909091,0.45454545454545453,0.45454545454545453,0.052118529374574424,0.6028978132087027,0.07029947154617351,0.4826112572372605,0.06287131689367854,0.5301579172118817,-0.07348478230239922,0.46294487670433704,-0.09911909304686624,0.3216076634744421,-0.08971141459164017,0.36988749359555434,-0.00773957511079837,0.9384615271052718,-0.010439435778601801,0.9170609922460805,-0.013772680253034283,0.8907229757058501
3940878,Italy,Switzerland,away,0,2,-2,0,0,1,88,41,48,48,0.4659090909090909,0.5454545454545454,0.5454545454545454,0.052118529374574424,0.6028978132087027,0.07029947154617351,0.4826112572372605,0.06287131689367854,0.5301579172118817,-0.07348478230239922,0.46294487670433704,-0.09911909304686624,0.3216076634744421,-0.08971141459164017,0.36988749359555434,-0.00773957511079837,0.9384615271052718,-0.010439435778601801,0.9170609922460805,-0.013772680253034283,0.8907229757058501
3940983,Denmark,Germany,home,2,0,2,1,0,0,91,37,41,40,0.4065934065934066,0.45054945054945056,0.43956043956043955,0.052118529374574424,0.6028978132087027,0.07029947154617351,0.4826112572372605,0.06287131689367854,0.5301579172118817,-0.07348478230239922,0.46294487670433704,-0.09911909304686624,0.3216076634744421,-0.08971141459164017,0.36988749359555434,-0.00773957511079837,0.9384615271052718,-0.010439435778601801,0.9170609922460805,-0.013772680253034283,0.8907229757058501
3940983,Germany,Denmark,away,0,2,-2,0,0,1,91,54,50,51,0.5934065934065934,0.5494505494505495,0.5604395604395604,0.052118529374574424,0.6028978132087027,0.07029947154617351,0.4826112572372605,0.06287131689367854,0.5301579172118817,-0.07348478230239922,0.46294487670433704,-0.09911909304686624,0.3216076634744421,-0.08971141459164017,0.36988749359555434,-0.00773957511079837,0.9384615271052718,-0.010439435778601801,0.9170609922460805,-0.013772680253034283,0.8907229757058501
3941017,Slovakia,England,home,2,1,1,1,0,0,117,44,57,58,0.37606837606837606,0.48717948717948717,0.49572649572649574,0.052118529374574424,0.6028978132087027,0.07029947154617351,0.4826112572372605,0.06287131689367854,0.5301579172118817,-0.07348478230239922,0.46294487670433704,-0.09911909304686624,0.3216076634744421,-0.08971141459164017,0.36988749359555434,-0.00773957511079837,0.9384615271052718,-0.010439435778601801,0.9170609922460805,-0.013772680253034283,0.8907229757058501
3941017,England,Slovakia,away,1,2,-1,0,0,1,117,73,60,59,0.6239316239316239,0.5128205128205128,0.5042735042735043,0.052118529374574424,0.6028978132087027,0.07029947154617351,0.4826112572372605,0.06287131689367854,0.5301579172118817,-0.07348478230239922,0.46294487670433704,-0.09911909304686624,0.3216076634744421,-0.08971141459164017,0.36988749359555434,-0.00773957511079837,0.9384615271052718,-0.010439435778601801,0.9170609922460805,-0.013772680253034283,0.8907229757058501
3941018,Georgia,Spain,home,4,1,3,1,0,0,89,1,43,44,0.011235955056179775,0.48314606741573035,0.4943820224719101,0.052118529374574424,0.6028978132087027,0.07029947154617351,0.4826112572372605,0.06287131689367854,0.5301579172118817,-0.07348478230239922,0.46294487670433704,-0.09911909304686624,0.3216076634744421,-0.08971141459164017,0.36988749359555434,-0.00773957511079837,0.9384615271052718,-0.010439435778601801,0.9170609922460805,-0.013772680253034283,0.8907229757058501
3941018,Spain,Georgia,away,1,4,-3,0,0,1,89,88,46,45,0.9887640449438202,0.5168539325842697,0.5056179775280899,0.052118529374574424,0.6028978132087027,0.07029947154617351,0.4826112572372605,0.06287131689367854,0.5301579172118817,-0.07348478230239922,0.46294487670433704,-0.09911909304686624,0.3216076634744421,-0.08971141459164017,0.36988749359555434,-0.00773957511079837,0.9384615271052718,-0.010439435778601801,0.9170609922460805,-0.013772680253034283,0.8907229757058501
3941019,Belgium,France,home,1,0,1,1,0,0,89,20,46,47,0.2247191011235955,0.5168539325842697,0.5280898876404494,0.052118529374574424,0.6028978132087027,0.07029947154617351,0.4826112572372605,0.06287131689367854,0.5301579172118817,-0.07348478230239922,0.46294487670433704,-0.09911909304686624,0.3216076634744421,-0.08971141459164017,0.36988749359555434,-0.00773957511079837,0.9384615271052718,-0.010439435778601801,0.9170609922460805,-0.013772680253034283,0.8907229757058501
3941019,France,Belgium,away,0,1,-1,0,0,1,89,69,43,42,0.7752808988764045,0.48314606741573035,0.47191011235955055,0.052118529374574424,0.6028978132087027,0.07029947154617351,0.4826112572372605,0.06287131689367854,0.5301579172118817,-0.07348478230239922,0.46294487670433704,-0.09911909304686624,0.3216076634744421,-0.08971141459164017,0.36988749359555434,-0.00773957511079837,0.9384615271052718,-0.010439435778601801,0.9170609922460805,-0.013772680253034283,0.8907229757058501
3941020,Slovenia,Portugal,home,0,0,0,0,1,0,120,19,55,55,0.15833333333333333,0.4583333333333333,0.4583333333333333,0.052118529374574424,0.6028978132087027,0.07029947154617351,0.4826112572372605,0.06287131689367854,0.5301579172118817,-0.07348478230239922,0.46294487670433704,-0.09911909304686624,0.3216076634744421,-0.08971141459164017,0.36988749359555434,-0.00773957511079837,0.9384615271052718,-0.010439435778601801,0.9170609922460805,-0.013772680253034283,0.8907229757058501
3941020,Portugal,Slovenia,away,0,0,0,0,1,0,120,101,65,65,0.8416666666666667,0.5416666666666666,0.5416666666666666,0.052118529374574424,0.6028978132087027,0.07029947154617351,0.4826112572372605,0.06287131689367854,0.5301579172118817,-0.07348478230239922,0.46294487670433704,-0.09911909304686624,0.3216076634744421,-0.08971141459164017,0.36988749359555434,-0.00773957511079837,0.9384615271052718,-0.010439435778601801,0.9170609922460805,-0.013772680253034283,0.8907229757058501
3941021,Netherlands,Romania,home,0,3,-3,0,0,1,90,67,41,39,0.7444444444444445,0.45555555555555555,0.43333333333333335,0.052118529374574424,0.6028978132087027,0.07029947154617351,0.4826112572372605,0.06287131689367854,0.5301579172118817,-0.07348478230239922,0.46294487670433704,-0.09911909304686624,0.3216076634744421,-0.08971141459164017,0.36988749359555434,-0.00773957511079837,0.9384615271052718,-0.010439435778601801,0.9170609922460805,-0.013772680253034283,0.8907229757058501
3941021,Romania,Netherlands,away,3,0,3,1,0,0,90,23,49,51,0.25555555555555554,0.5444444444444444,0.5666666666666667,0.052118529374574424,0.6028978132087027,0.07029947154617351,0.4826112572372605,0.06287131689367854,0.5301579172118817,-0.07348478230239922,0.46294487670433704,-0.09911909304686624,0.3216076634744421,-0.08971141459164017,0.36988749359555434,-0.00773957511079837,0.9384615271052718,-0.010439435778601801,0.9170609922460805,-0.013772680253034283,0.8907229757058501
3941022,Austria,Turkey,home,1,2,-1,0,0,1,91,62,50,49,0.6813186813186813,0.5494505494505495,0.5384615384615384,0.052118529374574424,0.6028978132087027,0.07029947154617351,0.4826112572372605,0.06287131689367854,0.5301579172118817,-0.07348478230239922,0.46294487670433704,-0.09911909304686624,0.3216076634744421,-0.08971141459164017,0.36988749359555434,-0.00773957511079837,0.9384615271052718,-0.010439435778601801,0.9170609922460805,-0.013772680253034283,0.8907229757058501
3941022,Turkey,Austria,away,2,1,1,1,0,0,91,29,41,42,0.31868131868131866,0.45054945054945056,0.46153846153846156,0.052118529374574424,0.6028978132087027,0.07029947154617351,0.4826112572372605,0.06287131689367854,0.5301579172118817,-0.07348478230239922,0.46294487670433704,-0.09911909304686624,0.3216076634744421,-0.08971141459164017,0.36988749359555434,-0.00773957511079837,0.9384615271052718,-0.010439435778601801,0.9170609922460805,-0.013772680253034283,0.8907229757058501
3942226,Germany,Spain,home,2,1,1,1,0,0,122,58,57,56,0.47540983606557374,0.4672131147540984,0.45901639344262296,0.052118529374574424,0.6028978132087027,0.07029947154617351,0.4826112572372605,0.06287131689367854,0.5301579172118817,-0.07348478230239922,0.46294487670433704,-0.09911909304686624,0.3216076634744421,-0.08971141459164017,0.36988749359555434,-0.00773957511079837,0.9384615271052718,-0.010439435778601801,0.9170609922460805,-0.013772680253034283,0.8907229757058501
3942226,Spain,Germany,away,1,2,-1,0,0,1,122,64,65,66,0.5245901639344263,0.5327868852459017,0.5409836065573771,0.052118529374574424,0.6028978132087027,0.07029947154617351,0.4826112572372605,0.06287131689367854,0.5301579172118817,-0.07348478230239922,0.46294487670433704,-0.09911909304686624,0.3216076634744421,-0.08971141459164017,0.36988749359555434,-0.00773957511079837,0.9384615271052718,-0.010439435778601801,0.9170609922460805,-0.013772680253034283,0.8907229757058501
3942227,Switzerland,England,home,1,1,0,0,1,0,123,52,61,61,0.42276422764227645,0.4959349593495935,0.4959349593495935,0.052118529374574424,0.6028978132087027,0.07029947154617351,0.4826112572372605,0.06287131689367854,0.5301579172118817,-0.07348478230239922,0.46294487670433704,-0.09911909304686624,0.3216076634744421,-0.08971141459164017,0.36988749359555434,-0.00773957511079837,0.9384615271052718,-0.010439435778601801,0.9170609922460805,-0.013772680253034283,0.8907229757058501
3942227,England,Switzerland,away,1,1,0,0,1,0,123,71,62,62,0.5772357723577236,0.5040650406504065,0.5040650406504065,0.052118529374574424,0.6028978132087027,0.07029947154617351,0.4826112572372605,0.06287131689367854,0.5301579172118817,-0.07348478230239922,0.46294487670433704,-0.09911909304686624,0.3216076634744421,-0.08971141459164017,0.36988749359555434,-0.00773957511079837,0.9384615271052718,-0.010439435778601801,0.9170609922460805,-0.013772680253034283,0.8907229757058501
3942349,Portugal,France,home,0,0,0,0,1,0,123,59,56,56,0.4796747967479675,0.45528455284552843,0.45528455284552843,0.052118529374574424,0.6028978132087027,0.07029947154617351,0.4826112572372605,0.06287131689367854,0.5301579172118817,-0.07348478230239922,0.46294487670433704,-0.09911909304686624,0.3216076634744421,-0.08971141459164017,0.36988749359555434,-0.00773957511079837,0.9384615271052718,-0.010439435778601801,0.9170609922460805,-0.013772680253034283,0.8907229757058501
3942349,France,Portugal,away,0,0,0,0,1,0,123,64,67,67,0.5203252032520326,0.5447154471544715,0.5447154471544715,0.052118529374574424,0.6028978132087027,0.07029947154617351,0.4826112572372605,0.06287131689367854,0.5301579172118817,-0.07348478230239922,0.46294487670433704,-0.09911909304686624,0.3216076634744421,-0.08971141459164017,0.36988749359555434,-0.00773957511079837,0.9384615271052718,-0.010439435778601801,0.9170609922460805,-0.013772680253034283,0.8907229757058501
3942382,Netherlands,Turkey,home,2,1,1,1,0,0,92,61,50,50,0.6630434782608695,0.5434782608695652,0.5434782608695652,0.052118529374574424,0.6028978132087027,0.07029947154617351,0.4826112572372605,0.06287131689367854,0.5301579172118817,-0.07348478230239922,0.46294487670433704,-0.09911909304686624,0.3216076634744421,-0.08971141459164017,0.36988749359555434,-0.00773957511079837,0.9384615271052718,-0.010439435778601801,0.9170609922460805,-0.013772680253034283,0.8907229757058501
3942382,Turkey,Netherlands,away,1,2,-1,0,0,1,92,31,42,42,0.33695652173913043,0.45652173913043476,0.45652173913043476,0.052118529374574424,0.6028978132087027,0.07029947154617351,0.4826112572372605,0.06287131689367854,0.5301579172118817,-0.07348478230239922,0.46294487670433704,-0.09911909304686624,0.3216076634744421,-0.08971141459164017,0.36988749359555434,-0.00773957511079837,0.9384615271052718,-0.010439435778601801,0.9170609922460805,-0.013772680253034283,0.8907229757058501
3942752,France,Spain,home,2,1,1,1,0,0,91,53,46,46,0.5824175824175825,0.5054945054945055,0.5054945054945055,0.052118529374574424,0.6028978132087027,0.07029947154617351,0.4826112572372605,0.06287131689367854,0.5301579172118817,-0.07348478230239922,0.46294487670433704,-0.09911909304686624,0.3216076634744421,-0.08971141459164017,0.36988749359555434,-0.00773957511079837,0.9384615271052718,-0.010439435778601801,0.9170609922460805,-0.013772680253034283,0.8907229757058501
3942752,Spain,France,away,1,2,-1,0,0,1,91,38,45,45,0.4175824175824176,0.4945054945054945,0.4945054945054945,0.052118529374574424,0.6028978132087027,0.07029947154617351,0.4826112572372605,0.06287131689367854,0.5301579172118817,-0.07348478230239922,0.46294487670433704,-0.09911909304686624,0.3216076634744421,-0.08971141459164017,0.36988749359555434,-0.00773957511079837,0.9384615271052718,-0.010439435778601801,0.9170609922460805,-0.013772680253034283,0.8907229757058501
3942819,Netherlands,England,home,1,2,-1,0,0,1,91,21,50,50,0.23076923076923078,0.5494505494505495,0.5494505494505495,0.052118529374574424,0.6028978132087027,0.07029947154617351,0.4826112572372605,0.06287131689367854,0.5301579172118817,-0.07348478230239922,0.46294487670433704,-0.09911909304686624,0.3216076634744421,-0.08971141459164017,0.36988749359555434,-0.00773957511079837,0.9384615271052718,-0.010439435778601801,0.9170609922460805,-0.013772680253034283,0.8907229757058501
3942819,England,Netherlands,away,2,1,1,1,0,0,91,70,41,41,0.7692307692307693,0.45054945054945056,0.45054945054945056,0.052118529374574424,0.6028978132087027,0.07029947154617351,0.4826112572372605,0.06287131689367854,0.5301579172118817,-0.07348478230239922,0.46294487670433704,-0.09911909304686624,0.3216076634744421,-0.08971141459164017,0.36988749359555434,-0.00773957511079837,0.9384615271052718,-0.010439435778601801,0.9170609922460805,-0.013772680253034283,0.8907229757058501
3943043,England,Spain,home,2,1,1,1,0,0,90,31,48,48,0.34444444444444444,0.5333333333333333,0.5333333333333333,0.052118529374574424,0.6028978132087027,0.07029947154617351,0.4826112572372605,0.06287131689367854,0.5301579172118817,-0.07348478230239922,0.46294487670433704,-0.09911909304686624,0.3216076634744421,-0.08971141459164017,0.36988749359555434,-0.00773957511079837,0.9384615271052718,-0.010439435778601801,0.9170609922460805,-0.013772680253034283,0.8907229757058501
3943043,Spain,England,away,1,2,-1,0,0,1,90,59,42,42,0.6555555555555556,0.4666666666666667,0.4666666666666667,0.052118529374574424,0.6028978132087027,0.07029947154617351,0.4826112572372605,0.06287131689367854,0.5301579172118817,-0.07348478230239922,0.46294487670433704,-0.09911909304686624,0.3216076634744421,-0.08971141459164017,0.36988749359555434,-0.00773957511079837,0.9384615271052718,-0.010439435778601801,0.9170609922460805,-0.013772680253034283,0.8907229757058501
